images/easy-square0001.png,images/easy-square0001-mask.png
images/easy-square0002.png,images/easy-square0002-mask.png
images/easy-square0003.png,images/easy-square0003-mask.png
images/easy-square0004.png,images/easy-square0004-mask.png
images/easy-square0005.png,images/easy-square0005-mask.png
images/easy-square0006.png,images/easy-square0006-mask.png
images/easy-square0007.png,images/easy-square0007-mask.png
images/easy-square0008.png,images/easy-square0008-mask.png
images/easy-square0009.png,images/easy-square0009-mask.png
images/easy-square0010.png,images/easy-square0010-mask.png
images/easy-square0011.png,images/easy-square0011-mask.png
images/easy-square0012.png,images/easy-square0012-mask.png
images/easy-square0013.png,images/easy-square0013-mask.png
images/easy-square0014.png,images/easy-square0014-mask.png
images/easy-square0015.png,images/easy-square0015-mask.png
images/easy-square0016.png,images/easy-square0016-mask.png
images/easy-square0017.png,images/easy-square0017-mask.png
images/easy-square0018.png,images/easy-square0018-mask.png
images/easy-square0019.png,images/easy-square0019-mask.png
images/easy-square0020.png,images/easy-square0020-mask.png